<!--

    Copyright (c) 2019-present Sonatype, Inc. All rights reserved.
    Includes the third-party code listed at http://links.sonatype.com/products/nexus/attributions.
    "Sonatype" is a trademark of Sonatype, Inc.

-->
<assembly>
  <id>nexus-iq-artifactory-plugin</id>
  <formats>
    <format>zip</format>
  </formats>
  <includeBaseDirectory>false</includeBaseDirectory>

  <fileSets>
    <fileSet>
      <directory>${project.basedir}/../plugin/src/main/java/com/sonatype/iq/artifactory</directory>
      <outputDirectory>.</outputDirectory>
      <includes>
        <include>nexusFirewallForArtifactoryPlugin.groovy</include>
      </includes>
    </fileSet>
    <fileSet>
      <directory>${project.basedir}/../plugin/target/classes</directory>
      <outputDirectory>.</outputDirectory>
      <includes>
        <include>firewall.properties.example</include>
      </includes>
    </fileSet>
  </fileSets>
  <files>
    <file>
      <!--
      Note: version number is removed from the jar filename.
      This gets extracted into JFrog Artifactory's plugin /lib folder and we want it to overwrite the previous jar
       -->
      <source>${project.basedir}/../firewall/target/nexus-iq-artifactory-plugin-firewall-${project.version}.jar</source>
      <outputDirectory>lib/</outputDirectory>
      <destName>nexus-iq-artifactory-plugin.jar</destName>
    </file>
  </files>
</assembly>
